<?xml version="1.0" encoding="UTF-8"?>
<project-private xmlns="http://www.netbeans.org/ns/project-private/1">
    <editor-bookmarks xmlns="http://www.netbeans.org/ns/editor-bookmarks/2" lastBookmarkId="0"/>
    <open-files xmlns="http://www.netbeans.org/ns/projectui-open-files/2">
        <group>
            <file>file:/C:/Users/casti/OneDrive/Documentos/Netbeans/Conexion/src/Compras/Proveedores.java</file>
            <file>file:/C:/Users/casti/OneDrive/Documentos/Netbeans/Conexion/src/Compras/Usuarios1.java</file>
            <file>file:/C:/Users/casti/OneDrive/Documentos/Netbeans/Conexion/src/Compras/Menu.java</file>
            <file>file:/C:/Users/casti/OneDrive/Documentos/Netbeans/Conexion/src/Compras/Productos.java</file>
            <file>file:/C:/Users/casti/OneDrive/Documentos/Netbeans/Conexion/src/conexion/conexion.java</file>
            <file>file:/C:/Users/casti/OneDrive/Documentos/Netbeans/Conexion/src/Compras/Cotizaciones.java</file>
            <file>file:/C:/Users/casti/OneDrive/Documentos/Netbeans/Conexion/src/Compras/conectar.java</file>
            <file>file:/C:/Users/casti/OneDrive/Documentos/Netbeans/Conexion/src/Compras/Ordenes.java</file>
        </group>
    </open-files>
</project-private>
